{
    "$schema": "https://schema.management.azure.com/schemas/2015-01-01/deploymentParameters.json#",
    "contentVersion": "1.0.0.0",
    "parameters": {
        "autoscaleDefault": {
            "value": "2"
        },
        "scaleInCPUPercentageThreshold": {
            "value": "35"
        },
        "authenticationType": {
            "value": "password"
        },
        "image": {
            "value": "Ubuntu16.04-LTS"
        },
        "vmSku": {
            "value": "Standard_D1_v2"
        },
        "osType": {
            "value": "Linux"
        },
        "scaleInInterval": {
            "value": "1"
        },
        "diskTypeIfSmall": {
            "value": "Managed"
        },
        "pipName": {
            "value": "ip01"
        },
        "singlePlacementGroup": {
            "value": "true"
        },
        "autoscaleYesOrNo": {
            "value": "Yes"
        },
        "location": {
            "value": "eastus"
        },
        "username": {
            "value": "dwhanger"
        },
        "scaleOutInterval": {
            "value": "1"
        },
        "instanceCount": {
            "value": "4"
        },
        "autoscaleMin": {
            "value": "2"
        },
        "autoscaleMax": {
            "value": "15"
        },
        "pipLabel": {
            "value": "dwhanger-test-linux"
        },
        "password": {
            "value": null
        },
        "scaleOutCPUPercentageThreshold": {
            "value": "65"
        },
        "vmssName": {
            "value": "dwhangervmsstestlinux"
        }
    }
}